audio,id,labels,intent,annotator,annotation_id,created_at,updated_at,lead_time
/data/upload/3/d75fb27d-captcha_cca991da40e0431fb7ce9aea44fcad55.wav,131,"[{""start"": 0.006369310793237978, ""end"": 0.6305617685305591, ""labels"": [""label""]}, {""start"": 1.0827828348504551, ""end"": 1.5859583875162548, ""labels"": [""label""]}, {""start"": 1.7961456436931078, ""end"": 2.3375370611183355, ""labels"": [""label""]}, {""start"": 2.872559167750325, ""end"": 3.3884733420026008, ""labels"": [""label""]}, {""start"": 3.9043875162548765, ""end"": 4.350239271781534, ""labels"": [""label""]}]","[""y"", ""r"", ""9"", ""k"", ""c""]",1,104,2022-06-22T10:46:15.830252Z,2022-06-22T10:46:15.830292Z,21.448
/data/upload/3/77102f77-captcha_2e064627a3aa4d64bcde4fc371f3a856.wav,130,"[{""start"": 0.023516254876462972, ""end"": 0.6702132639791938, ""labels"": [""label""]}, {""start"": 1.5109193758127437, ""end"": 1.7989934980494149, ""labels"": [""label""]}, {""start"": 2.151737321196359, ""end"": 2.5809089726918075, ""labels"": [""label""]}, {""start"": 2.7984343302990897, ""end"": 3.3157919375812743, ""labels"": [""label""]}, {""start"": 3.9977633289986994, ""end"": 4.426934980494148, ""labels"": [""label""]}]","[""4"", ""6"", ""p"", ""t"", ""8""]",1,103,2022-06-22T10:45:52.988861Z,2022-06-22T10:45:52.988925Z,44.648
/data/upload/3/d43eb984-captcha_733651d83d294f8caa567821844feb8a.wav,129,"[{""start"": 0.15537711313394018, ""end"": 0.6012418725617686, ""labels"": [""label""]}, {""start"": 1.0268400520156047, ""end"": 1.3646163849154747, ""labels"": [""label""]}, {""start"": 1.6145708712613784, ""end"": 2.046924577373212, ""labels"": [""label""]}, {""start"": 2.5468335500650197, ""end"": 3.1818530559167755, ""labels"": [""label""]}, {""start"": 3.485851755526658, ""end"": 4.147893368010403, ""labels"": [""label""]}]","[""k"", ""v"", ""t"", ""r"", ""9""]",1,102,2022-06-22T10:45:06.851134Z,2022-06-22T10:45:06.851180Z,36.275
/data/upload/3/79895c21-captcha_0432e6fd4afc4c28b59f3d29b04873cd.wav,128,"[{""start"": 0.42900390117035103, ""end"": 0.8580078023407021, ""labels"": [""label""]}, {""start"": 1.7603953185955787, ""end"": 2.3151417425227567, ""labels"": [""label""]}, {""start"": 2.9290611183355004, ""end"": 3.70570611183355, ""labels"": [""label""]}, {""start"": 3.7500858257477243, ""end"": 4.445368010403121, ""labels"": [""label""]}, {""start"": 4.615490247074122, ""end"": 5.088873862158647, ""labels"": [""label""]}]","[""c"", ""t"", ""h"", ""h"", ""m""]",1,101,2022-06-22T10:44:28.973748Z,2022-06-22T10:44:28.973789Z,34.212
/data/upload/3/62c0f2d6-captcha_318ad8a5aa0c4458b36062d138e1b693.wav,127,"[{""start"": 0.10487386215864758, ""end"": 0.5490455136540963, ""labels"": [""label""]}, {""start"": 1.529924577373212, ""end"": 2.05429388816645, ""labels"": [""label""]}, {""start"": 2.6095084525357604, ""end"": 3.1955682704811443, ""labels"": [""label""]}, {""start"": 3.3251183355006497, ""end"": 3.8309804941482444, ""labels"": [""label""]}, {""start"": 4.114756827048114, ""end"": 4.565097529258777, ""labels"": [""label""]}]","[""s"", ""k"", ""r"", ""x"", ""u""]",1,100,2022-06-22T10:43:53.467078Z,2022-06-22T10:43:53.467130Z,31.343
/data/upload/3/3e22581b-captcha_057d16c5e72a48b9bc1d2ea655568158.wav,126,"[{""start"": 0, ""end"": 0.4627763328998699, ""labels"": [""label""]}, {""start"": 0.8899544863459037, ""end"": 1.4310468140442132, ""labels"": [""label""]}, {""start"": 1.5592002600780233, ""end"": 2.1002925877763325, ""labels"": [""label""]}, {""start"": 2.4349154746423927, ""end"": 2.8905721716514954, ""labels"": [""label""]}, {""start"": 3.531339401820546, ""end"": 3.994115734720416, ""labels"": [""label""]}]","[""x"", ""u"", ""y"", ""e"", ""e""]",1,99,2022-06-22T10:43:20.786213Z,2022-06-22T10:43:20.786263Z,40.517
/data/upload/3/8c41fb63-captcha_38ab0ef5250b4c5eb45e8e791da696dc.wav,125,"[{""start"": 0.2201924577373212, ""end"": 0.8807698309492848, ""labels"": [""label""]}, {""start"": 1.8948140442132642, ""end"": 2.3467880364109237, ""labels"": [""label""]}, {""start"": 2.595953185955787, ""end"": 3.169612483745124, ""labels"": [""label""]}, {""start"": 3.256530559167751, ""end"": 3.6853263979193764, ""labels"": [""label""]}, {""start"": 3.853368010403121, ""end"": 4.450205461638492, ""labels"": [""label""]}]","[""x"", ""3"", ""y"", ""e"", ""u""]",1,98,2022-06-22T10:42:39.049846Z,2022-06-22T10:42:39.049889Z,27.148
/data/upload/3/cba7abbc-captcha_8e17b16434cf4d6eb8ef2a37b918ca30.wav,124,"[{""start"": 0.3578218465539662, ""end"": 0.9108192457737321, ""labels"": [""label""]}, {""start"": 1.7045331599479843, ""end"": 2.205483745123537, ""labels"": [""label""]}, {""start"": 2.3030715214564372, ""end"": 2.7975162548764634, ""labels"": [""label""]}, {""start"": 2.8300455136540967, ""end"": 3.402560468140442, ""labels"": [""label""]}, {""start"": 4.027122236671001, ""end"": 4.580119635890767, ""labels"": [""label""]}]","[""c"", ""m"", ""t"", ""n"", ""b""]",1,97,2022-06-22T10:42:10.509488Z,2022-06-22T10:42:10.509540Z,31.679
/data/upload/3/b8df6fc3-captcha_5a18bb06e2644f0e9ba66ea52cf53b87.wav,123,"[{""start"": 0.011362808842652795, ""end"": 0.40906111833550063, ""labels"": [""label""]}, {""start"": 0.9317503250975293, ""end"": 1.4373953185955786, ""labels"": [""label""]}, {""start"": 1.5112535760728218, ""end"": 1.914633289986996, ""labels"": [""label""]}, {""start"": 2.25551755526658, ""end"": 2.7554811443433027, ""labels"": [""label""]}, {""start"": 3.0111443433029907, ""end"": 3.5395149544863456, ""labels"": [""label""]}]","[""b"", ""e"", ""n"", ""y"", ""k""]",1,96,2022-06-22T10:41:37.288459Z,2022-06-22T10:41:37.288501Z,23.776
/data/upload/3/525a8e8d-captcha_fb952adc432a421fad7b55c06abd6ebb.wav,122,"[{""start"": 1.065955786736021, ""end"": 1.3718387516254877, ""labels"": [""label""]}, {""start"": 2.0577581274382313, ""end"": 2.6880624187256177, ""labels"": [""label""]}, {""start"": 3.32763589076723, ""end"": 3.911594278283485, ""labels"": [""label""]}, {""start"": 4.449206762028609, ""end"": 5.172202860858258, ""labels"": [""label""]}, {""start"": 5.719084525357608, ""end"": 6.4235422626788035, ""labels"": [""label""]}]","[""6"", ""e"", ""a"", ""u"", ""8""]",1,95,2022-06-22T10:41:11.644391Z,2022-06-22T10:41:11.644446Z,31.68
/data/upload/3/54e0037c-captcha_e0dd03f05604472bbeb40d2cdb4c53f3.wav,121,"[{""start"": 1.0685305591677503, ""end"": 1.5386840052015605, ""labels"": [""label""]}, {""start"": 1.7595136540962286, ""end"": 2.1798023407022105, ""labels"": [""label""]}, {""start"": 2.934897269180754, ""end"": 3.419297789336801, ""labels"": [""label""]}, {""start"": 3.6899921976592975, ""end"": 4.1886397919375815, ""labels"": [""label""]}, {""start"": 4.231381014304291, ""end"": 4.844005201560468, ""labels"": [""label""]}]","[""v"", ""n"", ""k"", ""s"", ""p""]",1,94,2022-06-22T10:40:38.634160Z,2022-06-22T10:40:38.634201Z,47.968
/data/upload/3/7a226ca1-captcha_da4f23a9bc8e4e7f98e7bd80f6c80fc2.wav,120,"[{""start"": 0.006438231469440832, ""end"": 0.4249232769830949, ""labels"": [""label""]}, {""start"": 0.7146436931079323, ""end"": 1.184634590377113, ""labels"": [""label""]}, {""start"": 1.796266579973992, ""end"": 2.420775032509753, ""labels"": [""label""]}, {""start"": 2.6332366710013, ""end"": 3.1611716514954487, ""labels"": [""label""]}, {""start"": 3.508836150845253, ""end"": 4.062524057217164, ""labels"": [""label""]}]","[""n"", ""b"", ""y"", ""u"", ""y""]",1,93,2022-06-22T10:39:49.199779Z,2022-06-22T10:39:49.199851Z,39.58
/data/upload/3/d3ba14e0-captcha_c285ac36be0145a58e411e131ff6de5a.wav,119,"[{""start"": 0, ""end"": 0.4909232769830949, ""labels"": [""label""]}, {""start"": 1.0208972691807543, ""end"": 1.5341352405721715, ""labels"": [""label""]}, {""start"": 1.7126527958387516, ""end"": 2.3318855656697006, ""labels"": [""label""]}, {""start"": 2.7391287386215866, ""end"": 3.3416254876462936, ""labels"": [""label""]}, {""start"": 3.637295188556567, ""end"": 4.0780104031209365, ""labels"": [""label""]}]","[""9"", ""b"", ""j"", ""m"", ""8""]",1,92,2022-06-22T10:39:08.104330Z,2022-06-22T10:39:08.104373Z,81.14
/data/upload/3/02fdf66c-captcha_b2781badfbcf49f999c08583695c1468.wav,118,"[{""start"": 0, ""end"": 0.5909102730819246, ""labels"": [""label""]}, {""start"": 1.437152145643693, ""end"": 1.99888166449935, ""labels"": [""label""]}, {""start"": 2.560611183355007, ""end"": 2.9545513654096234, ""labels"": [""label""]}, {""start"": 3.2390637191157348, ""end"": 3.6986605981794543, ""labels"": [""label""]}, {""start"": 4.40629388816645, ""end"": 4.668920676202861, ""labels"": [""label""]}]","[""x"", ""e"", ""u"", ""m"", ""6""]",1,91,2022-06-22T10:37:45.708652Z,2022-06-22T10:37:45.708705Z,46.2
/data/upload/3/5fc10397-captcha_b46e9efc693e431d8d71e1518f7b3947.wav,117,"[{""start"": 0.17692977893368012, ""end"": 0.46230039011703516, ""labels"": [""label""]}, {""start"": 1.4610975292587778, ""end"": 1.9233979193758128, ""labels"": [""label""]}, {""start"": 1.9405201560468142, ""end"": 2.328624187256177, ""labels"": [""label""]}, {""start"": 2.89365799739922, ""end"": 3.293176853055917, ""labels"": [""label""]}, {""start"": 3.407325097529259, ""end"": 3.7954291287386215, ""labels"": [""label""]}]","[""d"", ""y"", ""m"", ""t"", ""d""]",1,90,2022-06-22T10:30:33.934030Z,2022-06-22T10:30:33.934074Z,39.695
/data/upload/3/db1b3e63-captcha_655024362b494c638390595d2ba981ef.wav,116,"[{""start"": 0.189295188556567, ""end"": 0.6684486345903772, ""labels"": [""label""]}, {""start"": 1.2895734720416125, ""end"": 1.8278816644993499, ""labels"": [""label""]}, {""start"": 2.3543589076723017, ""end"": 2.9518218465539663, ""labels"": [""label""]}, {""start"": 3.099708712613784, ""end"": 3.478299089726918, ""labels"": [""label""]}, {""start"": 3.8568894668400526, ""end"": 4.377451235370612, ""labels"": [""label""]}]","[""m"", ""y"", ""r"", ""n"", ""c""]",1,89,2022-06-22T10:29:52.793574Z,2022-06-22T10:29:52.793629Z,56.245
/data/upload/3/225a4735-captcha_1351cfbdb1b947e89c8333ba566af24b.wav,115,"[{""start"": 0.0700481144343303, ""end"": 0.6113289986996099, ""labels"": [""label""]}, {""start"": 1.08892977893368, ""end"": 1.6429466840052018, ""labels"": [""label""]}, {""start"": 1.783042912873862, ""end"": 2.305219765929779, ""labels"": [""label""]}, {""start"": 2.712772431729519, ""end"": 3.158533159947985, ""labels"": [""label""]}, {""start"": 3.3814135240572174, ""end"": 3.8908543563068925, ""labels"": [""label""]}]","[""s"", ""5"", ""p"", ""6"", ""8""]",1,88,2022-06-22T09:35:14.036034Z,2022-06-22T09:35:14.036085Z,27.948
/data/upload/3/bd7619a6-captcha_945e51edfa594ff7af928318577eda8c.wav,114,"[{""start"": 0.011443433029908974, ""end"": 0.5035110533159949, ""labels"": [""label""]}, {""start"": 1.361768530559168, ""end"": 1.739401820546164, ""labels"": [""label""]}, {""start"": 1.9453836150845254, ""end"": 2.4488946684005204, ""labels"": [""label""]}, {""start"": 3.2327698309492847, ""end"": 3.6275682704811447, ""labels"": [""label""]}, {""start"": 3.6504551365409625, ""end"": 3.9422626788036412, ""labels"": [""label""]}]","[""y"", ""t"", ""y"", ""4"", ""s""]",1,87,2022-06-22T09:34:43.837206Z,2022-06-22T09:34:43.837278Z,33.681
/data/upload/3/f67e3ffd-captcha_287d6e1672e04e93a64fa0de259637fe.wav,113,"[{""start"": 2.7755575615628914e-17, ""end"": 0.6621300390117035, ""labels"": [""label""]}, {""start"": 0.925810143042913, ""end"": 1.3945747724317297, ""labels"": [""label""]}, {""start"": 2.2031937581274383, ""end"": 2.7129752925877764, ""labels"": [""label""]}, {""start"": 3.2696332899869964, ""end"": 3.679802340702211, ""labels"": [""label""]}, {""start"": 3.709100130039012, ""end"": 4.400527958387516, ""labels"": [""label""]}]","[""9"", ""d"", ""u"", ""4"", ""d""]",1,86,2022-06-22T09:34:08.780912Z,2022-06-22T09:34:08.780948Z,41.129
/data/upload/3/7ceb61e6-captcha_232b7921882949daafe7a26cabdfd66e.wav,112,"[{""start"": 0.22110386866059817, ""end"": 0.7350209687906372, ""labels"": [""label""]}, {""start"": 1.61943644343303, ""end"": 1.948104356306892, ""labels"": [""label""]}, {""start"": 1.948104356306892, ""end"": 2.4978761378413523, ""labels"": [""label""]}, {""start"": 3.388267392717815, ""end"": 3.830475130039012, ""labels"": [""label""]}, {""start"": 3.9619422951885563, ""end"": 4.3802469115734715, ""labels"": [""label""]}]","[""b"", ""4"", ""9"", ""t"", ""t""]",1,85,2022-06-22T09:33:26.410898Z,2022-06-22T09:33:26.410929Z,40.278
/data/upload/3/f2eb2716-captcha_cc6078eefcde46928fa2da701addc9b8.wav,106,"[{""start"": 0.1797659297789337, ""end"": 0.6325097529258777, ""labels"": [""label""]}, {""start"": 0.7323797139141742, ""end"": 1.2383875162548765, ""labels"": [""label""]}, {""start"": 1.7577113133940183, ""end"": 2.336957087126138, ""labels"": [""label""]}, {""start"": 2.816332899869961, ""end"": 3.41555266579974, ""labels"": [""label""]}, {""start"": 3.735136540962289, ""end"": 4.294408322496749, ""labels"": [""label""]}]","[""4"", ""3"", ""x"", ""k"", ""a""]",1,79,2022-06-22T09:24:31.197063Z,2022-06-22T09:31:37.576633Z,38.071999999999996
/data/upload/3/abc5e5c8-captcha_49ebd735d8604406ac96d99b09301c9a.wav,92,"[{""start"": 0.09241092327698308, ""end"": 0.8118959687906372, ""labels"": [""label""]}, {""start"": 0.8515006501950585, ""end"": 1.2937529258777634, ""labels"": [""label""]}, {""start"": 1.412566970091027, ""end"": 1.8020130039011704, ""labels"": [""label""]}, {""start"": 2.534699609882965, ""end"": 2.957149544863459, ""labels"": [""label""]}, {""start"": 3.201378413524057, ""end"": 3.663433029908972, ""labels"": [""label""]}]","[""j"", ""n"", ""m"", ""n"", ""t""]",1,65,2022-06-22T09:11:29.278606Z,2022-06-22T09:31:25.404887Z,44.516
/data/upload/3/c56c5584-captcha_83606ba8bf374de0984524c2f2e9db5f.wav,74,"[{""start"": 0.35703511053315995, ""end"": 0.6917555266579973, ""labels"": [""label""]}, {""start"": 1.6066579973992197, ""end"": 2.1347724317295187, ""labels"": [""label""]}, {""start"": 2.5066840052015604, ""end"": 3.1314954486345905, ""labels"": [""label""]}, {""start"": 3.6521716514954488, ""end"": 4.143094928478543, ""labels"": [""label""]}, {""start"": 4.552197659297789, ""end"": 4.812535760728219, ""labels"": [""label""]}]","[""c"", ""e"", ""w"", ""b"", ""6""]",1,47,2022-06-22T08:48:58.964968Z,2022-06-22T09:31:05.678650Z,34.463
/data/upload/3/206a73d4-captcha_150f330604754fd4a50b32bc750b9c28.wav,71,"[{""start"": 0, ""end"": 0.41825747724317297, ""labels"": [""label""]}, {""start"": 0.8242132639791939, ""end"": 1.4454486345903774, ""labels"": [""label""]}, {""start"": 1.8575552665799742, ""end"": 2.3926788036410924, ""labels"": [""label""]}, {""start"": 2.9831599479843955, ""end"": 3.530585175552666, ""labels"": [""label""]}, {""start"": 3.8135240572171654, ""end"": 4.416306892067621, ""labels"": [""label""]}]","[""n"", ""d"", ""u"", ""n"", ""r""]",1,44,2022-06-22T08:45:05.464508Z,2022-06-22T09:30:59.932286Z,63.497
/data/upload/3/a23c65ca-captcha_49ebd735d8604406ac96d99b09301c9a.wav,69,"[{""start"": 0.02640312093628088, ""end"": 0.7524889466840052, ""labels"": [""label""]}, {""start"": 0.8713029908972691, ""end"": 1.2541482444733418, ""labels"": [""label""]}, {""start"": 1.412566970091027, ""end"": 1.9274278283485045, ""labels"": [""label""]}, {""start"": 2.5743042912873864, ""end"": 2.8977425227568268, ""labels"": [""label""]}, {""start"": 3.2475838751625488, ""end"": 3.5908244473342, ""labels"": [""label""]}]","[""j"", ""n"", ""m"", ""n"", ""t""]",1,42,2022-06-22T08:43:25.799210Z,2022-06-22T09:30:55.588097Z,38.411
/data/upload/3/64fde204-captcha_12eb4b05963d490fa7c5144325d8e5e3.wav,68,"[{""start"": 1.0408340855860843e-17, ""end"": 0.44908322496749026, ""labels"": [""label""]}, {""start"": 0.8786410923276983, ""end"": 1.2496228868660597, ""labels"": [""label""]}, {""start"": 1.7312483745123537, ""end"": 2.037145643693108, ""labels"": [""label""]}, {""start"": 2.76609232769831, ""end"": 3.2802600780234066, ""labels"": [""label""]}, {""start"": 3.7683940182054614, ""end"": 4.269544863459039, ""labels"": [""label""]}]","[""m"", ""4"", ""n"", ""y"", ""s""]",1,41,2022-06-22T08:42:48.186988Z,2022-06-22T09:30:51.122490Z,61.175
/data/upload/3/440395ef-captcha_9ffdfef315f645e8be82c00cc91bf83d.wav,67,"[{""start"": 0.23284265279583874, ""end"": 0.9388816644993498, ""labels"": [""label""]}, {""start"": 2.080561768530559, ""end"": 2.4711365409622883, ""labels"": [""label""]}, {""start"": 3.244775032509753, ""end"": 3.657882964889467, ""labels"": [""label""]}, {""start"": 3.9433029908972688, ""end"": 4.401477243172952, ""labels"": [""label""]}, {""start"": 5.009872561768531, ""end"": 5.498091027308193, ""labels"": [""label""]}]","[""e"", ""c"", ""n"", ""u"", ""v""]",1,40,2022-06-22T08:41:48.203104Z,2022-06-22T09:30:47.230882Z,261.839
/data/upload/3/7679d778-captcha_0ce1018b123a4784af828b3948755104.wav,65,"[{""start"": 0.2888452535760728, ""end"": 0.8070676202860858, ""labels"": [""label""]}, {""start"": 1.4697126137841354, ""end"": 2.3532392717815345, ""labels"": [""label""]}, {""start"": 2.8459752925877764, ""end"": 3.5850793237971392, ""labels"": [""label""]}, {""start"": 4.26471521456437, ""end"": 4.816919375812744, ""labels"": [""label""]}, {""start"": 5.505050715214566, ""end"": 6.363091027308194, ""labels"": [""label""]}]","[""8"", ""s"", ""h"", ""v"", ""v""]",1,38,2022-06-22T08:34:46.733870Z,2022-06-22T09:30:39.674868Z,107.723
/data/upload/3/dcf48cf5-captcha_f54d3251e7e649d7a85a01b5833cf63b.wav,63,"[{""start"": 0.20083224967490249, ""end"": 0.6805981794538362, ""labels"": [""label""]}, {""start"": 0.8479583875162549, ""end"": 1.3835110533159949, ""labels"": [""label""]}, {""start"": 1.500663198959688, ""end"": 2.092002600780234, ""labels"": [""label""]}, {""start"": 2.7391287386215866, ""end"": 3.330468140442133, ""labels"": [""label""]}, {""start"": 3.4810923276983092, ""end"": 4.02222366710013, ""labels"": [""label""]}]","[""6"", ""t"", ""5"", ""k"", ""p""]",1,36,2022-06-22T08:32:03.409772Z,2022-06-22T09:30:34.053136Z,73.388
/data/upload/3/3cab6e3a-captcha_85c15b273d9c47aa8a5e7ef385c01538.wav,111,"[{""start"": 0.03244213263979194, ""end"": 0.5758478543563069, ""labels"": [""label""]}, {""start"": 1.2003589076723018, ""end"": 1.8248699609882968, ""labels"": [""label""]}, {""start"": 2.2466176853055915, ""end"": 2.692697009102731, ""labels"": [""label""]}, {""start"": 3.1955500650195057, ""end"": 3.6984031209362813, ""labels"": [""label""]}, {""start"": 4.331024707412223, ""end"": 4.939314694408322, ""labels"": [""label""]}]","[""5"", ""w"", ""s"", ""v"", ""u""]",1,84,2022-06-22T09:28:53.931087Z,2022-06-22T09:28:53.931149Z,40.665
/data/upload/3/6fb5f81c-captcha_9efc0b3ebd61443284b8d5e34510fd2d.wav,110,"[{""start"": 0.03790637191157349, ""end"": 0.4548764629388816, ""labels"": [""label""]}, {""start"": 1.538998699609883, ""end"": 1.963550065019506, ""labels"": [""label""]}, {""start"": 3.548036410923277, ""end"": 4.1697009102730815, ""labels"": [""label""]}, {""start"": 4.5336020806241875, ""end"": 5.238660598179454, ""labels"": [""label""]}, {""start"": 2.433589076723017, ""end"": 2.8733029908972694, ""labels"": [""label""]}]","[""e"", ""6"", ""h"", ""w"", ""k""]",1,83,2022-06-22T09:27:39.878371Z,2022-06-22T09:27:39.878420Z,65.936
/data/upload/3/714f0121-captcha_8c03f8b49ec947bc9e55685e5ed23447.wav,109,"[{""start"": 0.25623667100130043, ""end"": 0.6937139141742523, ""labels"": [""label""]}, {""start"": 1.4061768530559169, ""end"": 1.9436488946684005, ""labels"": [""label""]}, {""start"": 2.4186241872561767, ""end"": 2.8623511053315993, ""labels"": [""label""]}, {""start"": 3.5185669700910274, ""end"": 4.0872873862158645, ""labels"": [""label""]}, {""start"": 4.093537061118336, ""end"": 4.462267880364109, ""labels"": [""label""]}]","[""v"", ""e"", ""b"", ""p"", ""w""]",1,82,2022-06-22T09:26:32.665088Z,2022-06-22T09:26:32.665158Z,57.042
/data/upload/3/a67766bc-captcha_e80748359c1a406bb61d968ad0c1522b.wav,108,"[{""start"": 0.038413524057217166, ""end"": 0.6760780234070222, ""labels"": [""label""]}, {""start"": 1.2522808842652797, ""end"": 2.020551365409623, ""labels"": [""label""]}, {""start"": 2.5276098829648896, ""end"": 3.0884473342002603, ""labels"": [""label""]}, {""start"": 3.318928478543563, ""end"": 3.6876983094928484, ""labels"": [""label""]}, {""start"": 4.225487646293888, ""end"": 5.0398543563068925, ""labels"": [""label""]}]","[""e"", ""h"", ""5"", ""n"", ""x""]",1,81,2022-06-22T09:25:34.189425Z,2022-06-22T09:25:34.189480Z,27.082
/data/upload/3/13ec17d5-captcha_d2de36c36a9d4275904ac2ad393e0aa0.wav,107,"[{""start"": 0.13959947984395318, ""end"": 0.6805474642392717, ""labels"": [""label""]}, {""start"": 0.6863641092327698, ""end"": 1.2447620286085825, ""labels"": [""label""]}, {""start"": 1.8380598179453835, ""end"": 2.2394083224967494, ""labels"": [""label""]}, {""start"": 2.8210728218465535, ""end"": 3.3503875162548766, ""labels"": [""label""]}, {""start"": 3.949501950585175, ""end"": 4.473, ""labels"": [""label""]}]","[""y"", ""s"", ""n"", ""n"", ""5""]",1,80,2022-06-22T09:25:05.648474Z,2022-06-22T09:25:05.648517Z,32.932
/data/upload/3/1a1388bc-captcha_bd669082739d4deea47669458baa4a98.wav,105,"[{""start"": 0.08555266579973993, ""end"": 0.39253576072821844, ""labels"": [""label""]}, {""start"": 1.0065019505851758, ""end"": 1.3386475942782836, ""labels"": [""label""]}, {""start"": 1.4946553966189857, ""end"": 1.8771261378413524, ""labels"": [""label""]}, {""start"": 2.772912873862159, ""end"": 3.1453185955786735, ""labels"": [""label""]}, {""start"": 3.3919115734720418, ""end"": 3.8649674902470745, ""labels"": [""label""]}]","[""6"", ""8"", ""x"", ""v"", ""5""]",1,78,2022-06-22T09:23:54.273357Z,2022-06-22T09:23:54.273414Z,35.065
/data/upload/3/99283494-captcha_b128ce8b9e90493d96b2f93c53b1e838.wav,104,"[{""start"": 0.0444941482444733, ""end"": 0.45606501950585177, ""labels"": [""label""]}, {""start"": 1.5572951885565673, ""end"": 2.0077984395318595, ""labels"": [""label""]}, {""start"": 0.5617386215864759, ""end"": 1.234712613784135, ""labels"": [""label""]}, {""start"": 2.3526280884265276, ""end"": 2.9644226267880365, ""labels"": [""label""]}, {""start"": 3.4260494148244476, ""end"": 3.782002600780234, ""labels"": [""label""]}]","[""9"", ""4"", ""s"", ""x"", ""8""]",1,77,2022-06-22T09:23:17.937551Z,2022-06-22T09:23:17.937596Z,50.944
/data/upload/3/4abf2e70-captcha_772527d3563242779e75585714f1945a.wav,103,"[{""start"": 0.07562678803641092, ""end"": 0.4881365409622887, ""labels"": [""label""]}, {""start"": 1.0243992197659297, ""end"": 1.5125357607282186, ""labels"": [""label""]}, {""start"": 2.055673602080624, ""end"": 2.4338075422626786, ""labels"": [""label""]}, {""start"": 2.729439531859558, ""end"": 3.1350741222366714, ""labels"": [""label""]}, {""start"": 3.547583875162549, ""end"": 3.99446944083225, ""labels"": [""label""]}]","[""5"", ""s"", ""c"", ""8"", ""v""]",1,76,2022-06-22T09:22:24.973975Z,2022-06-22T09:22:24.974029Z,46.003
/data/upload/3/9278a32f-captcha_1787ae35dc904588b930bce7c03c8ef6.wav,102,"[{""start"": 6.938893903907228e-18, ""end"": 0.3915994798439532, ""labels"": [""label""]}, {""start"": 0.9013003901170351, ""end"": 1.2120936280884267, ""labels"": [""label""]}, {""start"": 2.0574512353706114, ""end"": 2.3868920676202863, ""labels"": [""label""]}, {""start"": 2.865513654096229, ""end"": 3.2508972691807543, ""labels"": [""label""]}, {""start"": 4.0651755526658, ""end"": 4.400832249674902, ""labels"": [""label""]}]","[""x"", ""s"", ""x"", ""5"", ""c""]",1,75,2022-06-22T09:21:37.598328Z,2022-06-22T09:21:37.598370Z,47.045
/data/upload/3/d4e49210-captcha_7540d21b5c944f01abbe4e35d6c74205.wav,101,"[{""start"": 0.27914434330299087, ""end"": 0.8108478543563068, ""labels"": [""label""]}, {""start"": 1.4555383615084525, ""end"": 1.907486345903771, ""labels"": [""label""]}, {""start"": 2.618639791937581, ""end"": 3.1304044213263977, ""labels"": [""label""]}, {""start"": 3.3364395318595577, ""end"": 3.7485097529258775, ""labels"": [""label""]}, {""start"": 4.366615084525358, ""end"": 4.891672301690507, ""labels"": [""label""]}]","[""c"", ""3"", ""3"", ""4"", ""v""]",1,74,2022-06-22T09:17:50.075119Z,2022-06-22T09:17:50.075172Z,36.703
/data/upload/3/0fd8792f-captcha_5897aa1fda8f44709e3ec6b12e1411c3.wav,100,"[{""start"": 0.011563068920676203, ""end"": 0.5029934980494147, ""labels"": [""label""]}, {""start"": 0.9423901170351106, ""end"": 1.4511651495448634, ""labels"": [""label""]}, {""start"": 1.5783589076723017, ""end"": 2.0351001300390115, ""labels"": [""label""]}, {""start"": 2.902330299089727, ""end"": 3.4573576072821846, ""labels"": [""label""]}, {""start"": 3.590332899869961, ""end"": 4.012384915474642, ""labels"": [""label""]}]","[""s"", ""m"", ""k"", ""j"", ""5""]",1,73,2022-06-22T09:17:11.721761Z,2022-06-22T09:17:11.721817Z,29.101
/data/upload/3/a2fe84ed-captcha_708c70f23bbc41f29ce54d6171750e74.wav,99,"[{""start"": 0.15162548764629388, ""end"": 0.730559167750325, ""labels"": [""label""]}, {""start"": 1.3094928478543562, ""end"": 1.9159947984395318, ""labels"": [""label""]}, {""start"": 1.922886866059818, ""end"": 2.3915474642392716, ""labels"": [""label""]}, {""start"": 2.9222366710013, ""end"": 3.549414824447334, ""labels"": [""label""]}, {""start"": 3.880234070221066, ""end"": 4.769310793237971, ""labels"": [""label""]}]","[""9"", ""u"", ""p"", ""c"", ""v""]",1,72,2022-06-22T09:16:39.710101Z,2022-06-22T09:16:39.710157Z,53.314
/data/upload/3/7e59bcd2-captcha_640fd1c76fcd4fd7b920fb165d4fcb93.wav,98,"[{""start"": 0.05227568270481141, ""end"": 0.4966189856957086, ""labels"": [""label""]}, {""start"": 0.8886866059817946, ""end"": 1.3722366710013005, ""labels"": [""label""]}, {""start"": 1.5094603381014304, ""end"": 2.0910273081924586, ""labels"": [""label""]}, {""start"": 2.5549739921976595, ""end"": 3.1104031209362812, ""labels"": [""label""]}, {""start"": 3.2410923276983095, ""end"": 3.7246423927178154, ""labels"": [""label""]}]","[""b"", ""r"", ""h"", ""r"", ""6""]",1,71,2022-06-22T09:15:44.521175Z,2022-06-22T09:15:44.521223Z,35.31
/data/upload/3/3e3253d4-captcha_246d259c05c24cfba6543aaa5af66c33.wav,97,"[{""start"": 2.7755575615628914e-17, ""end"": 0.43500487646293895, ""labels"": [""label""]}, {""start"": 1.32821488946684, ""end"": 1.7226193107932382, ""labels"": [""label""]}, {""start"": 2.233025032509753, ""end"": 2.5868289986996102, ""labels"": [""label""]}, {""start"": 3.0682343953185955, ""end"": 3.596040312093628, ""labels"": [""label""]}, {""start"": 3.7932425227568274, ""end"": 4.2630477893368015, ""labels"": [""label""]}]","[""5"", ""v"", ""s"", ""u"", ""d""]",1,70,2022-06-22T09:15:07.312155Z,2022-06-22T09:15:07.312205Z,64.803
/data/upload/3/a96dffed-captcha_159bd4ba190547b2aaea401e84e36857.wav,96,"[{""start"": 0.4955065019505852, ""end"": 0.9709249024707413, ""labels"": [""label""]}, {""start"": 1.118237646293888, ""end"": 1.6405282834850459, ""labels"": [""label""]}, {""start"": 2.102554616384916, ""end"": 2.7788540312093635, ""labels"": [""label""]}, {""start"": 3.314536736020806, ""end"": 3.91717977893368, ""labels"": [""label""]}, {""start"": 4.345725942782835, ""end"": 5.142553966189857, ""labels"": [""label""]}]","[""v"", ""x"", ""r"", ""a"", ""h""]",1,69,2022-06-22T09:14:00.783507Z,2022-06-22T09:14:00.783560Z,38.808
/data/upload/3/e0416124-captcha_150f330604754fd4a50b32bc750b9c28.wav,95,"[{""start"": 0, ""end"": 0.6150845253576074, ""labels"": [""label""]}, {""start"": 0.7934590377113135, ""end"": 1.3900910273081926, ""labels"": [""label""]}, {""start"": 1.7960468140442134, ""end"": 2.4111313394018206, ""labels"": [""label""]}, {""start"": 2.878595578673602, ""end"": 3.4075682704811445, ""labels"": [""label""]}, {""start"": 3.8258257477243176, ""end"": 4.367100130039012, ""labels"": [""label""]}]","[""n"", ""d"", ""u"", ""n"", ""r""]",1,68,2022-06-22T09:13:19.805474Z,2022-06-22T09:13:19.805527Z,36.845
/data/upload/3/36851e70-captcha_074fadc5dda947388818c06eab09db3f.wav,94,"[{""start"": 0.047703511053315995, ""end"": 0.4717347204161248, ""labels"": [""label""]}, {""start"": 0.8268608582574771, ""end"": 1.2402912873862157, ""labels"": [""label""]}, {""start"": 1.621919375812744, ""end"": 1.977045513654096, ""labels"": [""label""]}, {""start"": 2.4752821846553963, ""end"": 3.0000208062418725, ""labels"": [""label""]}, {""start"": 3.2650403120936278, ""end"": 3.704972691807542, ""labels"": [""label""]}]","[""8"", ""s"", ""n"", ""y"", ""p""]",1,67,2022-06-22T09:12:41.628807Z,2022-06-22T09:12:41.628858Z,33.881
/data/upload/3/5317a3c5-captcha_68f0d482177b4423a550835b7fe2ec41.wav,93,"[{""start"": 0, ""end"": 0.45902340702210664, ""labels"": [""label""]}, {""start"": 1.2408764629388818, ""end"": 1.6746788036410922, ""labels"": [""label""]}, {""start"": 2.2749401820546167, ""end"": 2.708742522756827, ""labels"": [""label""]}, {""start"": 2.8752015604681396, ""end"": 3.4199765929778922, ""labels"": [""label""]}, {""start"": 3.4502418725617683, ""end"": 3.8588231469440832, ""labels"": [""label""]}]","[""s"", ""s"", ""3"", ""y"", ""4""]",1,66,2022-06-22T09:12:06.124003Z,2022-06-22T09:12:06.124045Z,35.415
/data/upload/3/e27e3c48-captcha_12eb4b05963d490fa7c5144325d8e5e3.wav,91,"[{""start"": 0.8591157347204161, ""end"": 1.2235890767230169, ""labels"": [""label""]}, {""start"": 2.7791092327698315, ""end"": 3.31280234070221, ""labels"": [""label""]}, {""start"": 3.761885565669701, ""end"": 4.399713914174252, ""labels"": [""label""]}]","[""4"", ""y"", ""x""]",1,64,2022-06-22T09:10:44.188726Z,2022-06-22T09:10:44.188784Z,27.511
/data/upload/3/fa0e5507-captcha_9ffdfef315f645e8be82c00cc91bf83d.wav,90,"[{""start"": 0.22533159947984396, ""end"": 0.9313706111833551, ""labels"": [""label""]}, {""start"": 1.9603849154746424, ""end"": 2.5612691807542265, ""labels"": [""label""]}, {""start"": 3.1696644993498047, ""end"": 3.7329934980494146, ""labels"": [""label""]}, {""start"": 3.935791937581274, ""end"": 4.484098829648895, ""labels"": [""label""]}, {""start"": 4.987339401820546, ""end"": 5.580712613784135, ""labels"": [""label""]}]","[""e"", ""c"", ""n"", ""u"", ""v""]",1,63,2022-06-22T09:09:20.792690Z,2022-06-22T09:09:20.792745Z,52.723
/data/upload/3/6ff60c46-captcha_8d0dcb16f7ea452992706086a289a583.wav,89,"[{""start"": 0.09707152145643692, ""end"": 0.7003016905071521, ""labels"": [""label""]}, {""start"": 1.428338101430429, ""end"": 1.9552977893368009, ""labels"": [""label""]}, {""start"": 2.2326449934980492, ""end"": 2.6417321196358907, ""labels"": [""label""]}, {""start"": 3.43910533159948, ""end"": 3.9244629388816645, ""labels"": [""label""]}, {""start"": 4.493024707412223, ""end"": 4.9645149544863445, ""labels"": [""label""]}]","[""u"", ""5"", ""m"", ""k"", ""v""]",1,62,2022-06-22T09:08:26.390574Z,2022-06-22T09:08:26.390629Z,38.329
/data/upload/3/331ee50b-captcha_7c906575bcf94693a37b8d843f198c9f.wav,88,"[{""start"": 0, ""end"": 0.7209362808842653, ""labels"": [""label""]}, {""start"": 1.2856697009102733, ""end"": 1.92850455136541, ""labels"": [""label""]}, {""start"": 2.258933680104031, ""end"": 2.8416905071521454, ""labels"": [""label""]}, {""start"": 3.0940182054616385, ""end"": 3.766892067620286, ""labels"": [""label""]}, {""start"": 3.7969310793237976, ""end"": 4.361664499349803, ""labels"": [""label""]}]","[""m"", ""w"", ""9"", ""d"", ""n""]",1,61,2022-06-22T09:07:44.822074Z,2022-06-22T09:07:44.822126Z,88.068
/data/upload/3/937702fd-captcha_4fc17a1dab8b431d97101e08a9de33be.wav,87,"[{""start"": 0.10895968790637192, ""end"": 0.4773472041612484, ""labels"": [""label""]}, {""start"": 0.8353576072821847, ""end"": 1.2244993498049415, ""labels"": [""label""]}, {""start"": 1.3386475942782836, ""end"": 1.8523146944083226, ""labels"": [""label""]}, {""start"": 2.5320156046814044, ""end"": 2.941911573472042, ""labels"": [""label""]}, {""start"": 2.9730429128738622, ""end"": 3.3414304291287387, ""labels"": [""label""]}]","[""p"", ""4"", ""y"", ""3"", ""s""]",1,60,2022-06-22T09:05:55.351810Z,2022-06-22T09:05:55.351883Z,25.888
/data/upload/3/a7b7e2a6-captcha_0ce1018b123a4784af828b3948755104.wav,86,"[{""start"": 2.8459752925877764, ""end"": 3.619061118335501, ""labels"": [""label""]}, {""start"": 4.26471521456437, ""end"": 4.816919375812744, ""labels"": [""label""]}, {""start"": 5.556023407022107, ""end"": 6.057254876462939, ""labels"": [""label""]}]","[""h"", ""v"", ""v""]",1,59,2022-06-22T09:05:28.023288Z,2022-06-22T09:05:28.023343Z,1.167
/data/upload/3/edd31f98-captcha_ff35704ba7cf4d748051fda99ffed6d2.wav,85,"[{""start"": 0.025804941482444776, ""end"": 0.3612691807542263, ""labels"": [""label""]}, {""start"": 0.7805994798439532, ""end"": 1.0580026007802341, ""labels"": [""label""]}, {""start"": 1.7418335500650195, ""end"": 2.2321274382314695, ""labels"": [""label""]}, {""start"": 2.7611287386215864, ""end"": 3.2643250975292593, ""labels"": [""label""]}, {""start"": 3.832033810143043, ""end"": 4.290071521456437, ""labels"": [""label""]}]","[""e"", ""6"", ""t"", ""u"", ""v""]",1,58,2022-06-22T09:02:47.064946Z,2022-06-22T09:02:47.064995Z,58.664
/data/upload/3/68b5bb81-captcha_f54d3251e7e649d7a85a01b5833cf63b.wav,84,"[{""start"": 0.15062418725617685, ""end"": 0.6750195058517555, ""labels"": [""label""]}, {""start"": 0.8089076723016906, ""end"": 1.4002470741222368, ""labels"": [""label""]}, {""start"": 1.5062418725617688, ""end"": 2.064109232769831, ""labels"": [""label""]}, {""start"": 2.7223927178153446, ""end"": 3.313732119635891, ""labels"": [""label""]}, {""start"": 3.4085695708712613, ""end"": 4.055695708712614, ""labels"": [""label""]}]","[""6"", ""t"", ""5"", ""k"", ""p""]",1,57,2022-06-22T09:01:45.993160Z,2022-06-22T09:01:45.993211Z,51.488
/data/upload/3/16b6d743-captcha_f3d90c46903a4df786e543dbd78ea40e.wav,83,"[{""start"": 1.1275702593849246e-17, ""end"": 0.3827230169050715, ""labels"": [""label""]}, {""start"": 1.2160715214564373, ""end"": 1.6358322496749027, ""labels"": [""label""]}, {""start"": 1.8642314694408322, ""end"": 2.376586475942783, ""labels"": [""label""]}, {""start"": 2.6667152145643693, ""end"": 2.6852340702210666, ""labels"": [""label""]}, {""start"": 2.6358504551365405, ""end"": 2.9753628088426525, ""labels"": [""label""]}, {""start"": 3.3272210663198956, ""end"": 3.765500650195058, ""labels"": [""label""]}]","[""4"", ""w"", ""s"", ""5"", ""t"", ""5""]",1,56,2022-06-22T09:00:50.666762Z,2022-06-22T09:00:50.666802Z,59.587
/data/upload/3/7f6a4cb2-captcha_f2b51bc1c78943fdb545c35b8580f25f.wav,82,"[{""start"": 0, ""end"": 0.410704811443433, ""labels"": [""label""]}, {""start"": 0.9987594278283485, ""end"": 1.250782834850455, ""labels"": [""label""]}, {""start"": 2.2588764629388813, ""end"": 2.6882496749024707, ""labels"": [""label""]}, {""start"": 2.9356059817945384, ""end"": 3.3836475942782833, ""labels"": [""label""]}, {""start"": 1.7408283485045513, ""end"": 2.1702015604681417, ""labels"": [""label""]}]","[""a"", ""8"", ""a"", ""s"", ""5""]",1,55,2022-06-22T08:59:49.972518Z,2022-06-22T08:59:49.972572Z,68.115
/data/upload/3/d59ed7c8-captcha_e54ced5176174445aa6ba4634439d2fe.wav,81,"[{""start"": 1.3877787807814457e-17, ""end"": 0.6180286085825747, ""labels"": [""label""]}, {""start"": 1.3299349804941483, ""end"": 1.955786736020806, ""labels"": [""label""]}, {""start"": 1.979256176853056, ""end"": 2.5972847854356305, ""labels"": [""label""]}, {""start"": 3.4421846553966193, ""end"": 4.060213263979193, ""labels"": [""label""]}, {""start"": 4.756473342002601, ""end"": 5.374501950585175, ""labels"": [""label""]}]","[""t"", ""n"", ""e"", ""c"", ""c""]",1,54,2022-06-22T08:58:40.184251Z,2022-06-22T08:58:40.184294Z,42.621
/data/upload/3/0eb2e897-captcha_e08b0070641b42bba5ec4c97eb8cf477.wav,80,"[{""start"": 0.8022756827048114, ""end"": 1.2420416124837452, ""labels"": [""label""]}, {""start"": 2.626710013003901, ""end"": 3.1912743823146945, ""labels"": [""label""]}, {""start"": 0, ""end"": 0.30902470741222376, ""labels"": [""label""]}, {""start"": 3.6369830949284787, ""end"": 3.9876072821846558, ""labels"": [""label""]}, {""start"": 1.7650065019505852, ""end"": 2.1988296488946686, ""labels"": [""label""]}]","[""j"", ""j"", ""8"", ""8"", ""a""]",1,53,2022-06-22T08:57:55.928438Z,2022-06-22T08:57:55.928492Z,121.405
/data/upload/3/38c45088-captcha_d3eabc7725d2497baf1fa0b14f278482.wav,79,"[{""start"": 0.12121456436931083, ""end"": 0.6890091027308193, ""labels"": [""label""]}, {""start"": 1.3716384915474642, ""end"": 1.7097633289986995, ""labels"": [""label""]}, {""start"": 1.8054590377113133, ""end"": 2.0925461638491547, ""labels"": [""label""]}, {""start"": 3.3876280884265277, ""end"": 3.9745617685305588, ""labels"": [""label""]}, {""start"": 4.000080624187256, ""end"": 4.319066319895969, ""labels"": [""label""]}]","[""y"", ""8"", ""w"", ""h"", ""8""]",1,52,2022-06-22T08:55:43.661912Z,2022-06-22T08:55:43.661966Z,40.613
/data/upload/3/e4b4a2cd-captcha_ca7c38588e24417da6f278f87d4234c3.wav,78,"[{""start"": 0, ""end"": 0.3716827048114435, ""labels"": [""label""]}, {""start"": 0.9955786736020806, ""end"": 1.4004473342002601, ""labels"": [""label""]}, {""start"": 1.785404421326398, ""end"": 2.2566449934980493, ""labels"": [""label""]}, {""start"": 2.542044213263979, ""end"": 3.059745123537061, ""labels"": [""label""]}, {""start"": 3.4646137841352402, ""end"": 4.028775032509753, ""labels"": [""label""]}]","[""8"", ""4"", ""k"", ""p"", ""y""]",1,51,2022-06-22T08:55:01.184809Z,2022-06-22T08:55:01.184854Z,46.408
/data/upload/3/eace4976-captcha_c59ff2a6e8ce4f489266afee84b9897d.wav,77,"[{""start"": 0.29274154746423925, ""end"": 0.7706869310793238, ""labels"": [""label""]}, {""start"": 1.6608602080624186, ""end"": 1.965550390117035, ""labels"": [""label""]}, {""start"": 2.610776657997399, ""end"": 3.1544395318595577, ""labels"": [""label""]}, {""start"": 3.4710783485045513, ""end"": 3.829537386215865, ""labels"": [""label""]}, {""start"": 3.9908439531859554, ""end"": 4.582301365409623, ""labels"": [""label""]}]","[""v"", ""8"", ""9"", ""d"", ""9""]",1,50,2022-06-22T08:54:08.584853Z,2022-06-22T08:54:08.584894Z,37.615
/data/upload/3/acee1407-captcha_a4961db3f2d84b3a86f2ba8fc525f58a.wav,76,"[{""start"": 1.0733940182054618, ""end"": 1.337737321196359, ""labels"": [""label""]}, {""start"": 1.9705591677503251, ""end"": 2.3790897269180755, ""labels"": [""label""]}, {""start"": 3.2442132639791943, ""end"": 3.885045513654096, ""labels"": [""label""]}, {""start"": 4.4617945383615085, ""end"": 4.830273081924577, ""labels"": [""label""]}, {""start"": 5.134668400520156, ""end"": 5.647334200260078, ""labels"": [""label""]}]","[""6"", ""s"", ""h"", ""8"", ""u""]",1,49,2022-06-22T08:53:29.634068Z,2022-06-22T08:53:29.634125Z,50.97
/data/upload/3/cc86489e-captcha_a6e7e2136f4b4f0481c673516d6d2f44.wav,75,"[{""start"": 1.734723475976807e-17, ""end"": 0.5171316644993498, ""labels"": [""label""]}, {""start"": 1.3480286085825748, ""end"": 1.7780032509752928, ""labels"": [""label""]}, {""start"": 1.8244869960988297, ""end"": 2.2544616384915477, ""labels"": [""label""]}, {""start"": 3.8116671001300393, ""end"": 4.171916124837452, ""labels"": [""label""]}, {""start"": 3.248051690507152, ""end"": 3.614111183355007, ""labels"": [""label""]}]","[""j"", ""t"", ""x"", ""m"", ""d""]",1,48,2022-06-22T08:52:19.970234Z,2022-06-22T08:52:19.970280Z,102.547
/data/upload/3/0948fe3a-captcha_246d259c05c24cfba6543aaa5af66c33.wav,73,"[{""start"": 0, ""end"": 0.46400520156046815, ""labels"": [""label""]}, {""start"": 1.3224148244473344, ""end"": 1.7458195708712616, ""labels"": [""label""]}, {""start"": 2.221424902470741, ""end"": 2.6100292587776335, ""labels"": [""label""]}, {""start"": 3.091434655396619, ""end"": 3.572840052015605, ""labels"": [""label""]}, {""start"": 3.851243172951886, ""end"": 4.3790490897269185, ""labels"": [""label""]}]","[""5"", ""v"", ""s"", ""u"", ""d""]",1,46,2022-06-22T08:46:39.592838Z,2022-06-22T08:46:39.592888Z,36.61
/data/upload/3/6d810b1b-captcha_159bd4ba190547b2aaea401e84e36857.wav,72,"[{""start"": 0.46202633289987, ""end"": 0.9977090377113135, ""labels"": [""label""]}, {""start"": 1.1584138491547464, ""end"": 1.7476648244473343, ""labels"": [""label""]}, {""start"": 2.15612288686606, ""end"": 2.792246098829649, ""labels"": [""label""]}, {""start"": 3.374801040312094, ""end"": 3.877003576072822, ""labels"": [""label""]}, {""start"": 4.3591180104031215, ""end"": 5.08228966189857, ""labels"": [""label""]}]","[""c"", ""x"", ""r"", ""a"", ""h""]",1,45,2022-06-22T08:45:53.713862Z,2022-06-22T08:45:53.713915Z,46.636
/data/upload/3/3d2243bb-captcha_68f0d482177b4423a550835b7fe2ec41.wav,70,"[{""start"": 0.010088426527958388, ""end"": 0.5245981794538361, ""labels"": [""label""]}, {""start"": 1.1954785435630688, ""end"": 1.5536176853055919, ""labels"": [""label""]}, {""start"": 2.3152938881664498, ""end"": 2.6734330299089724, ""labels"": [""label""]}, {""start"": 2.9155552665799744, ""end"": 3.3796228868660605, ""labels"": [""label""]}, {""start"": 3.4552860858257475, ""end"": 3.848734720416125, ""labels"": [""label""]}]","[""s"", ""s"", ""3"", ""y"", ""4""]",1,43,2022-06-22T08:44:02.892489Z,2022-06-22T08:44:02.892545Z,35.372
/data/upload/3/1189236f-captcha_4fc17a1dab8b431d97101e08a9de33be.wav,66,"[{""start"": 0.005188556566970091, ""end"": 0.5396098829648895, ""labels"": [""label""]}, {""start"": 0.8664889466840052, ""end"": 1.2348764629388818, ""labels"": [""label""]}, {""start"": 1.3594018205461638, ""end"": 1.8523146944083226, ""labels"": [""label""]}, {""start"": 2.5372041612483747, ""end"": 2.962665799739922, ""labels"": [""label""]}, {""start"": 2.9886085825747726, ""end"": 3.528218465539662, ""labels"": [""label""]}]","[""p"", ""4"", ""y"", ""3"", ""s""]",1,39,2022-06-22T08:35:40.323219Z,2022-06-22T08:35:40.323275Z,37.47
/data/upload/3/a96b907a-captcha_ff35704ba7cf4d748051fda99ffed6d2.wav,64,"[{""start"": 0.006451235370611184, ""end"": 0.4193302990897269, ""labels"": [""label""]}, {""start"": 0.8193068920676203, ""end"": 1.019295188556567, ""labels"": [""label""]}, {""start"": 1.786992197659298, ""end"": 2.1611638491547467, ""labels"": [""label""]}, {""start"": 2.7675799739921976, ""end"": 3.2385201560468144, ""labels"": [""label""]}, {""start"": 3.877192457737322, ""end"": 4.412644993498049, ""labels"": [""label""]}]","[""d"", ""6"", ""t"", ""u"", ""b""]",1,37,2022-06-22T08:32:59.833077Z,2022-06-22T08:32:59.833130Z,55.034
/data/upload/3/43f5ffd0-captcha_f3d90c46903a4df786e543dbd78ea40e.wav,62,"[{""start"": 0, ""end"": 0.43210663198959687, ""labels"": [""label""]}, {""start"": 1.2407633289986997, ""end"": 1.814847854356307, ""labels"": [""label""]}, {""start"": 1.882750325097529, ""end"": 2.228435630689207, ""labels"": [""label""]}, {""start"": 2.567947984395319, ""end"": 3.0062275682704813, ""labels"": [""label""]}, {""start"": 3.2963563068920676, ""end"": 3.7469817945383617, ""labels"": [""label""]}]","[""4"", ""w"", ""s"", ""t"", ""5""]",1,35,2022-06-22T08:30:50.955792Z,2022-06-22T08:30:50.955864Z,44.103
/data/upload/3/d6bff733-captcha_e54ced5176174445aa6ba4634439d2fe.wav,61,"[{""start"": 0, ""end"": 0.7040832249674902, ""labels"": [""label""]}, {""start"": 1.3455812743823148, ""end"": 1.91667100130039, ""labels"": [""label""]}, {""start"": 2.026195058517555, ""end"": 2.5503459037711314, ""labels"": [""label""]}, {""start"": 3.4265383615084524, ""end"": 4.021097529258777, ""labels"": [""label""]}, {""start"": 4.756473342002601, ""end"": 5.405794538361508, ""labels"": [""label""]}]","[""t"", ""n"", ""e"", ""c"", ""c""]",1,34,2022-06-22T08:30:04.369369Z,2022-06-22T08:30:04.369425Z,99.169
/data/upload/3/13ce3cea-captcha_a6e7e2136f4b4f0481c673516d6d2f44.wav,60,"[{""start"": 0, ""end"": 0.45902698309492856, ""labels"": [""label""]}, {""start"": 1.3654600130039014, ""end"": 1.7431404421326397, ""labels"": [""label""]}, {""start"": 1.8651602730819248, ""end"": 2.3358081924577374, ""labels"": [""label""]}, {""start"": 3.3061563719115736, ""end"": 3.6083007152145647, ""labels"": [""label""]}, {""start"": 3.8174775682704816, ""end"": 4.200968465539662, ""labels"": [""label""]}]","[""j"", ""t"", ""x"", ""d"", ""m""]",1,33,2022-06-22T08:28:23.979867Z,2022-06-22T08:28:23.979934Z,43.143
/data/upload/3/1603a0be-captcha_07905052e7d74f519abd62278ae49d96.wav,59,"[{""start"": 0.06306892067620286, ""end"": 0.46671001300390114, ""labels"": [""label""]}, {""start"": 0.6369960988296488, ""end"": 1.2046163849154745, ""labels"": [""label""]}, {""start"": 1.3938231469440832, ""end"": 2.0371261378413523, ""labels"": [""label""]}, {""start"": 2.6362808842652794, ""end"": 3.254356306892068, ""labels"": [""label""]}, {""start"": 3.9733420026007797, ""end"": 4.458972691807542, ""labels"": [""label""]}]","[""8"", ""x"", ""j"", ""y"", ""u""]",1,32,2022-06-22T05:50:00.158255Z,2022-06-22T05:50:00.158309Z,37.453
/data/upload/3/735fd99e-captcha_253651a616724055a6682a41341b922c.wav,58,"[{""start"": 0, ""end"": 0.3017717815344603, ""labels"": [""label""]}, {""start"": 0.9245773732119636, ""end"": 1.4703348504551366, ""labels"": [""label""]}, {""start"": 1.6822171651495448, ""end"": 2.2408159947984396, ""labels"": [""label""]}, {""start"": 2.6902633289986992, ""end"": 3.1974967490247073, ""labels"": [""label""]}, {""start"": 3.8780884265279583, ""end"": 4.3724804941482445, ""labels"": [""label""]}]","[""s"", ""r"", ""m"", ""a"", ""d""]",1,31,2022-06-22T05:49:21.012118Z,2022-06-22T05:49:21.012161Z,63.068
/data/upload/3/41932893-captcha_5999ca4ad65a4f04905eaaa6c72be562.wav,57,"[{""start"": 0.08351625487646294, ""end"": 0.41758127438231474, ""labels"": [""label""]}, {""start"": 1.252743823146944, ""end"": 1.8512769830949287, ""labels"": [""label""]}, {""start"": 1.9278335500650199, ""end"": 2.2966970091027314, ""labels"": [""label""]}, {""start"": 3.45896488946684, ""end"": 3.8417477243172957, ""labels"": [""label""]}, {""start"": 4.565555266579975, ""end"": 5.0248946684005205, ""labels"": [""label""]}]","[""v"", ""a"", ""p"", ""c"", ""t""]",1,30,2022-06-22T05:48:13.502103Z,2022-06-22T05:48:13.502157Z,53.757
/data/upload/3/699dd50b-captcha_580ed842c5344dc492f69e7125a4cb4c.wav,56,"[{""start"": 0.05230445383615085, ""end"": 0.46492847854356306, ""labels"": [""label""]}, {""start"": 1.2320604681404421, ""end"": 1.7144237646293887, ""labels"": [""label""]}, {""start"": 2.2084102730819244, ""end"": 2.580353055916775, ""labels"": [""label""]}, {""start"": 2.89417977893368, ""end"": 3.423035923276983, ""labels"": [""label""]}, {""start"": 3.7252394343302995, ""end"": 4.207602730819246, ""labels"": [""label""]}]","[""t"", ""j"", ""b"", ""k"", ""e""]",1,29,2022-06-22T05:47:18.070268Z,2022-06-22T05:47:18.070300Z,39.13
/data/upload/3/042e3eb8-captcha_97cb7f41876142b9849ebd5349fb92cb.wav,55,"[{""start"": 0.23661898569570872, ""end"": 0.733518855656697, ""labels"": [""label""]}, {""start"": 1.2126723016905074, ""end"": 1.6445019505851757, ""labels"": [""label""]}, {""start"": 2.147317295188557, ""end"": 2.50224577373212, ""labels"": [""label""]}, {""start"": 2.7980195058517556, ""end"": 3.348158647594279, ""labels"": [""label""]}, {""start"": 3.608439531859558, ""end"": 4.0225227568270485, ""labels"": [""label""]}]","[""m"", ""v"", ""m"", ""u"", ""p""]",1,28,2022-06-22T05:46:36.445057Z,2022-06-22T05:46:36.445118Z,39.052
/data/upload/3/aa2834e7-captcha_32eda7dceb2c4b54959697115c1c34e3.wav,54,"[{""start"": 0.11963589076723018, ""end"": 0.8299739921976592, ""labels"": [""label""]}, {""start"": 0.9496098829648895, ""end"": 1.4580624187256177, ""labels"": [""label""]}, {""start"": 1.6749024707412223, ""end"": 2.2431729518855654, ""labels"": [""label""]}, {""start"": 2.422626788036411, ""end"": 2.9310793237971393, ""labels"": [""label""]}, {""start"": 3.551690507152146, ""end"": 4.194733420026008, ""labels"": [""label""]}]","[""r"", ""y"", ""u"", ""e"", ""h""]",1,27,2022-06-22T05:45:55.505553Z,2022-06-22T05:45:55.505597Z,41.398
/data/upload/3/c41c9a6f-captcha_8a08be37dfbf4e99ab0de59909252e87.wav,53,"[{""start"": 0.14041612483745125, ""end"": 0.8144135240572172, ""labels"": [""label""]}, {""start"": 0.961850455136541, ""end"": 1.7411599479843953, ""labels"": [""label""]}, {""start"": 2.267720416124838, ""end"": 2.843426527958388, ""labels"": [""label""]}, {""start"": 3.7350689206762033, ""end"": 4.184400520156047, ""labels"": [""label""]}, {""start"": 4.570544863459038, ""end"": 5.342833550065019, ""labels"": [""label""]}]","[""a"", ""h"", ""w"", ""v"", ""s""]",1,26,2022-06-22T05:45:12.487588Z,2022-06-22T05:45:12.487639Z,62.058
/data/upload/3/6e7df817-captcha_3fa73bee6e12412980e29d973b654045.wav,52,"[{""start"": 0.3760962288686606, ""end"": 0.7653888166449935, ""labels"": [""label""]}, {""start"": 1.7683120936280885, ""end"": 2.1444083224967487, ""labels"": [""label""]}, {""start"": 2.3885409622886864, ""end"": 2.8174226267880362, ""labels"": [""label""]}, {""start"": 3.7939531859557865, ""end"": 4.26902210663199, ""labels"": [""label""]}, {""start"": 4.546145643693108, ""end"": 4.922241872561768, ""labels"": [""label""]}]","[""x"", ""w"", ""w"", ""a"", ""v""]",1,25,2022-06-22T05:42:39.641959Z,2022-06-22T05:42:39.642012Z,37.014
/data/upload/3/ee10628d-captcha_02b9ee5f2b0645cf800935288e37b0a2.wav,51,"[{""start"": 0.13566189856957087, ""end"": 0.585812743823147, ""labels"": [""label""]}, {""start"": 1.0914616384915474, ""end"": 1.7204395318595578, ""labels"": [""label""]}, {""start"": 1.8191027308192456, ""end"": 2.324751625487646, ""labels"": [""label""]}, {""start"": 2.731737321196359, ""end"": 3.2127204161248377, ""labels"": [""label""]}, {""start"": 3.903362808842653, ""end"": 4.452176853055917, ""labels"": [""label""]}]","[""m"", ""w"", ""k"", ""n"", ""k""]",1,24,2022-06-22T05:42:01.323932Z,2022-06-22T05:42:01.323983Z,44.931
/data/upload/3/1e9a3567-captcha_0ea5e9e8b0394d6ab8d86c22d1c5a795.wav,50,"[{""start"": 0.08651235370611184, ""end"": 0.6527750325097529, ""labels"": [""label""]}, {""start"": 1.2819557867360207, ""end"": 1.8324889466840053, ""labels"": [""label""]}, {""start"": 2.280780234070221, ""end"": 2.7526657997399218, ""labels"": [""label""]}, {""start"": 3.1694980494148246, ""end"": 3.4998179453836147, ""labels"": [""label""]}, {""start"": 4.246970091027308, ""end"": 4.76604421326398, ""labels"": [""label""]}]","[""k"", ""e"", ""d"", ""d"", ""y""]",1,23,2022-06-22T05:41:14.369836Z,2022-06-22T05:41:14.369890Z,43.631
/data/upload/3/df921ca7-captcha_fb14db13bbb643798d14e2b078b2e2fb.wav,49,"[{""start"": 0.9039323797139143, ""end"": 1.2742935630689207, ""labels"": [""label""]}, {""start"": 2.2598309492847855, ""end"": 2.6364694408322493, ""labels"": [""label""]}, {""start"": 2.6615786736020812, ""end"": 3.0193852405721717, ""labels"": [""label""]}, {""start"": 3.8417126137841358, ""end"": 4.168132639791938, ""labels"": [""label""]}, {""start"": 4.387838426527958, ""end"": 4.751922301690508, ""labels"": [""label""]}]","[""c"", ""5"", ""3"", ""m"", ""3""]",1,22,2022-06-22T05:40:29.120956Z,2022-06-22T05:40:29.120996Z,41.799
/data/upload/3/846006c7-captcha_f93f840330284ca6a22e475afe3a7f9a.wav,48,"[{""start"": 0.02125357607282185, ""end"": 0.6057269180754227, ""labels"": [""label""]}, {""start"": 1.1795734720416124, ""end"": 1.7002860858257478, ""labels"": [""label""]}, {""start"": 2.035029908972692, ""end"": 2.4813550065019507, ""labels"": [""label""]}, {""start"": 3.1242756827048117, ""end"": 3.602481144343303, ""labels"": [""label""]}, {""start"": 3.6237347204161243, ""end"": 4.032866059817945, ""labels"": [""label""]}]","[""r"", ""x"", ""a"", ""r"", ""9""]",1,21,2022-06-22T05:39:46.005533Z,2022-06-22T05:39:46.005588Z,48.021
/data/upload/3/a4541dfd-captcha_c17209c261cd447896bc3223f01ff743.wav,47,"[{""start"": 0.0061053315994798445, ""end"": 0.5433745123537062, ""labels"": [""label""]}, {""start"": 1.17222366710013, ""end"": 1.5141222366710014, ""labels"": [""label""]}, {""start"": 2.240656697009103, ""end"": 2.613081924577373, ""labels"": [""label""]}, {""start"": 3.0465604681404423, ""end"": 3.5349869960988296, ""labels"": [""label""]}, {""start"": 3.852464239271782, ""end"": 4.377522756827048, ""labels"": [""label""]}]","[""a"", ""d"", ""p"", ""e"", ""x""]",1,20,2022-06-22T05:38:56.192768Z,2022-06-22T05:38:56.192819Z,47.862
/data/upload/3/2c07c6f6-captcha_b023280f3d5743eba35d95f443f2faf3.wav,46,"[{""start"": 0.0670013003901171, ""end"": 0.5421014304291288, ""labels"": [""label""]}, {""start"": 0.9502002600780235, ""end"": 1.3887542262678805, ""labels"": [""label""]}, {""start"": 1.5227568270481144, ""end"": 1.9004005201560468, ""labels"": [""label""]}, {""start"": 2.533867360208063, ""end"": 2.941966189856957, ""labels"": [""label""]}, {""start"": 3.3744291287386217, ""end"": 3.764254876462939, ""labels"": [""label""]}]","[""x"", ""j"", ""v"", ""9"", ""v""]",1,19,2022-06-22T05:38:06.808216Z,2022-06-22T05:38:06.808284Z,73.999
/data/upload/3/7d54d308-9.wav,45,"[{""start"": 0.007665799739921976, ""end"": 0.5442717815344603, ""labels"": [""label""]}, {""start"": 1.4258387516254876, ""end"": 1.7631339401820547, ""labels"": [""label""]}, {""start"": 2.261410923276983, ""end"": 2.537379713914174, ""labels"": [""label""]}, {""start"": 2.9973276983094927, ""end"": 3.4572756827048114, ""labels"": [""label""]}, {""start"": 3.6949154746423925, ""end"": 4.1395318595578665, ""labels"": [""label""]}]","[""p"", ""c"", ""d"", ""e"", ""n""]",1,18,2022-06-22T05:20:50.282162Z,2022-06-22T05:20:50.282212Z,47.592
/data/upload/3/d70947e8-8.wav,44,"[{""start"": 0, ""end"": 0.5289011703511053, ""labels"": [""label""]}, {""start"": 0.6558374512353707, ""end"": 1.0436983094928483, ""labels"": [""label""]}, {""start"": 1.396299089726918, ""end"": 1.9675123537061128, ""labels"": [""label""]}, {""start"": 2.6233498049414825, ""end"": 3.0958348504551365, ""labels"": [""label""]}, {""start"": 3.6529440832249676, ""end"": 4.181845253576073, ""labels"": [""label""]}]","[""r"", ""5"", ""v"", ""m"", ""b""]",1,17,2022-06-22T05:20:01.333150Z,2022-06-22T05:20:01.333194Z,70.285
/data/upload/3/0101081f-7.wav,43,"[{""start"": 0.24074122236671003, ""end"": 0.7149284785435631, ""labels"": [""label""]}, {""start"": 1.4079713914174254, ""end"": 1.9186345903771134, ""labels"": [""label""]}, {""start"": 2.487659297789337, ""end"": 2.8597139141742525, ""labels"": [""label""]}, {""start"": 3.3339011703511057, ""end"": 3.6913654096228874, ""labels"": [""label""]}, {""start"": 4.33334200260078, ""end"": 5.0044993498049415, ""labels"": [""label""]}]","[""v"", ""a"", ""p"", ""d"", ""x""]",1,16,2022-06-22T05:18:49.759932Z,2022-06-22T05:18:49.759980Z,57.03
/data/upload/3/80e9368f-6.wav,42,"[{""start"": 0.03504551365409623, ""end"": 0.4505851755526658, ""labels"": [""label""]}, {""start"": 0.971261378413524, ""end"": 1.4669050715214567, ""labels"": [""label""]}, {""start"": 1.7572821846553965, ""end"": 2.257932379713914, ""labels"": [""label""]}, {""start"": 2.3430429128738623, ""end"": 2.7535760728218466, ""labels"": [""label""]}, {""start"": 3.2942782834850455, ""end"": 3.7148244473342005, ""labels"": [""label""]}]","[""s"", ""u"", ""5"", ""p"", ""p""]",1,15,2022-06-22T05:17:51.211807Z,2022-06-22T05:17:51.211868Z,35.815
/data/upload/3/a7d1be90-5.wav,41,"[{""start"": 0.39156306892067616, ""end"": 0.9159778933680103, ""labels"": [""label""]}, {""start"": 1.356486345903771, ""end"": 2.0277373211963585, ""labels"": [""label""]}, {""start"": 2.1396124837451236, ""end"": 2.7759024707412223, ""labels"": [""label""]}, {""start"": 3.272348504551365, ""end"": 3.7618023407022103, ""labels"": [""label""]}, {""start"": 4.160357607282184, ""end"": 4.733717815344604, ""labels"": [""label""]}]","[""c"", ""u"", ""a"", ""8"", ""5""]",1,14,2022-06-22T05:17:14.306046Z,2022-06-22T05:17:14.306098Z,32.31
/data/upload/3/a0e58b92-4.wav,40,"[{""start"": 0.05753446033810143, ""end"": 0.5178101430429128, ""labels"": [""label""]}, {""start"": 0.7383589076723017, ""end"": 1.1890455136540963, ""labels"": [""label""]}, {""start"": 1.217812743823147, ""end"": 1.6589102730819254, ""labels"": [""label""]}, {""start"": 2.1767204161248372, ""end"": 2.6465851755526657, ""labels"": [""label""]}, {""start"": 2.81918855656697, ""end"": 3.164395318595578, ""labels"": [""label""]}]","[""u"", ""9"", ""a"", ""e"", ""d""]",1,13,2022-06-22T05:16:40.661840Z,2022-06-22T05:16:40.661895Z,54.062
/data/upload/3/af81ba73-3.wav,39,"[{""start"": 0, ""end"": 0.460039011703511, ""labels"": [""label""]}, {""start"": 0.7035890767230168, ""end"": 1.0770325097529259, ""labels"": [""label""]}, {""start"": 2.002522756827048, ""end"": 2.3867906371911576, ""labels"": [""label""]}, {""start"": 2.6844629388816648, ""end"": 3.084967490247074, ""labels"": [""label""]}, {""start"": 3.4800598179453837, ""end"": 3.913037711313394, ""labels"": [""label""]}]","[""p"", ""b"", ""4"", ""p"", ""e""]",1,12,2022-06-22T05:15:30.747970Z,2022-06-22T05:15:30.748024Z,37.099
/data/upload/3/776a1161-2.wav,38,"[{""start"": 0.11270091027308192, ""end"": 0.5849713914174253, ""labels"": [""label""]}, {""start"": 0.8318400520156048, ""end"": 1.2826436931079326, ""labels"": [""label""]}, {""start"": 1.4275448634590377, ""end"": 1.7388140442132638, ""labels"": [""label""]}, {""start"": 2.8497230169050716, ""end"": 3.1878257477243173, ""labels"": [""label""]}, {""start"": 3.49372821846554, ""end"": 3.7727971391417423, ""labels"": [""label""]}]","[""9"", ""e"", ""p"", ""c"", ""d""]",1,11,2022-06-22T05:14:51.772536Z,2022-06-22T05:14:51.772584Z,44.388
/data/upload/3/fc4ae990-1.wav,37,"[{""start"": 0.12273081924577373, ""end"": 0.608075422626788, ""labels"": [""label""]}, {""start"": 1.0487906371911575, ""end"": 1.232886866059818, ""labels"": [""label""]}, {""start"": 1.8967490247074121, ""end"": 2.432301690507152, ""labels"": [""label""]}, {""start"": 2.8451235370611183, ""end"": 3.3416254876462936, ""labels"": [""label""]}, {""start"": 3.4029908972691807, ""end"": 3.815812743823147, ""labels"": [""label""]}]","[""s"", ""6"", ""k"", ""e"", ""3""]",1,10,2022-06-22T05:14:06.208273Z,2022-06-22T05:14:06.208317Z,45.13
/data/upload/3/fdb11473-14.wav,36,"[{""start"": 0.24370936280884267, ""end"": 0.9360655071521456, ""labels"": [""label""]}, {""start"": 1.462256176853056, ""end"": 1.9829079973992199, ""labels"": [""label""]}, {""start"": 2.110301527958388, ""end"": 2.5257152145643698, ""labels"": [""label""]}, {""start"": 2.9909785435630694, ""end"": 3.4839361183355013, ""labels"": [""label""]}, {""start"": 3.6999512353706114, ""end"": 4.248297301690508, ""labels"": [""label""]}]","[""h"", ""y"", ""c"", ""e"", ""y""]",1,9,2022-06-22T05:13:17.925896Z,2022-06-22T05:13:17.925940Z,47.875
/data/upload/3/766bb823-13.wav,35,"[{""start"": 0, ""end"": 0.35361638491547465, ""labels"": [""label""]}, {""start"": 1.2046931079323797, ""end"": 1.7501014304291287, ""labels"": [""label""]}, {""start"": 2.349451235370611, ""end"": 2.8169440832249677, ""labels"": [""label""]}, {""start"": 3.314404421326398, ""end"": 3.7759037711313392, ""labels"": [""label""]}, {""start"": 4.021637191157348, ""end"": 4.603006501950586, ""labels"": [""label""]}]","[""9"", ""k"", ""v"", ""j"", ""r""]",1,8,2022-06-22T05:12:28.732783Z,2022-06-22T05:12:28.732840Z,48.905
/data/upload/3/c1a6c68a-12.wav,34,"[{""start"": 0.1081404421326398, ""end"": 0.7149284785435631, ""labels"": [""label""]}, {""start"": 1.1354746423927178, ""end"": 1.7362548764629389, ""labels"": [""label""]}, {""start"": 1.7602860858257479, ""end"": 2.3850975292587777, ""labels"": [""label""]}, {""start"": 3.0940182054616385, ""end"": 3.688790637191157, ""labels"": [""label""]}, {""start"": 3.790923276983095, ""end"": 4.331625487646294, ""labels"": [""label""]}]","[""e"", ""3"", ""j"", ""w"", ""e""]",1,7,2022-06-22T05:11:36.108893Z,2022-06-22T05:11:36.108937Z,37.862
/data/upload/3/45edc4cd-10.wav,32,"[{""start"": 0.027353706111833548, ""end"": 0.4540715214564369, ""labels"": [""label""]}, {""start"": 1.0886775032509752, ""end"": 1.504453836150845, ""labels"": [""label""]}, {""start"": 1.6849882964889467, ""end"": 2.0405864759427828, ""labels"": [""label""]}, {""start"": 2.625955786736021, ""end"": 3.0198491547464243, ""labels"": [""label""]}, {""start"": 3.468449934980494, ""end"": 3.736516254876463, ""labels"": [""label""]}]","[""d"", ""5"", ""s"", ""w"", ""v""]",1,6,2022-06-22T05:10:56.618416Z,2022-06-22T05:10:56.618468Z,61.213
/data/upload/3/5818c9f6-11.wav,33,"[{""start"": 0.019548764629388836, ""end"": 0.5603979193758128, ""labels"": [""label""]}, {""start"": 1.2511209362808844, ""end"": 1.8831976592977897, ""labels"": [""label""]}, {""start"": 2.515274382314695, ""end"": 2.906249674902471, ""labels"": [""label""]}, {""start"": 3.440582574772432, ""end"": 3.948850455136541, ""labels"": [""label""]}, {""start"": 4.3789232769830955, ""end"": 4.737317295188557, ""labels"": [""label""]}]","[""r"", ""h"", ""4"", ""9"", ""v""]",1,5,2022-06-22T05:09:37.258294Z,2022-06-22T05:09:37.258334Z,93.83
